fecha,barrio,estrato,consumo_energia_kwh,consumo_agua_m3,consumo_gas_m3,reclamaciones,interrupciones,duracion_promedio_interrupciones,estado_medidor,tecnico_asignado,consumo_sospechoso,fraude_detectado,lectura_estimada,BARRIO_LIMPIO
2023-01-01,La SierrA,1,219.73713224089863,18.617356988288154,19.53381976670485,1,0,50.23029856408026,,,,0,no,LA SIERRA
2023-01-01,la sierra,5,202.323303376011,30.105152848065263,10.933853061835396,1,1,29.748301928218524,bien,Laura Pérez,,0,sí,LA SIERRA
2023-01-01,La siera,3,245.31560647610615,4.761240023841392,12.003677550766358,2,0,27.57593162880828,bien,Carlos Ruiz,,0,no,LA SIERRA
2023/01/01,El Prado,4,384.75904248302345,23.94233021879601,15.855534156558758,1,3,29.84564337907547,,,No,0,no,EL PRADO
2023/01/01,el prado,2,203.2827201009746,13.644402597253606,7.849134637270815,1,1,33.38244613602479,bien,Juan C.,,0,no,EL PRADO
2023-01-01,Norte Centro Histórico,6,78.79047088618863,30.91992264357671,34.448191290867086,3,3,46.936397242823176,mal calibrado,,,0,no,NORTE CENTRO HISTÓRICO
2023-01-01,Norte-Centro Histórico,6,99.2731725707914,4.167057864631126,20.415902917835773,1,1,29.618583383370403,bien,Laura Pérez,No,0,no,NORTE CENTRO HISTÓRICO
2023-01-01,Las Nieves,5,226.56982357704317,28.877484595933574,21.26032631076133,0,0,42.54997797244736,,María G.,,0,no,LAS NIEVES
2023-01-01,las nieves,6,59.34773683620138,30.996469757848203,13.755875151105414,3,1,30.896166913136994,mal calibrado,,,0,sí,LAS NIEVES
2023-01-01,Ciudadela 20 de Julio,6,257.837082700463,27.95595463895942,25.46803977018432,2,0,38.3818125199332,bien,Juan C.,sí,0,no,CIUDADELA 20 JULIO
2023-01-01,San José,3,66.49996331268778,30.42491617339421,21.324727434380897,1,1,35.1900033106215,bien,Juan C.,no,0,no,SAN JOSÉ
2023-01-01,San josé,6,163.0270862630699,15.731312059602772,18.51013832067364,2,3,46.58186652932028,bien,Carlos Ruiz,,0,no,SAN JOSÉ
2023-01-01,Los Andes,3,123.8357524898118,16.723378534022316,12.255242928074896,2,1,20.36485051867881,,María G.,,0,no,LOS ANDES
2023-01-01,Los andes,5,148.35868387357652,17.10863143530058,18.170554285734568,2,0,33.33939091648935,bien,Laura Pérez,,0,no,LOS ANDES
2023-01-01,Rebolo,5,178.51593563906877,3.2649537800977697,7.492277158950397,0,1,,bien,Laura Pérez,,0,no,REBOLO
2023-01-01,rebolo,1,100.59310564774476,18.07639035218877,17.110831396335286,1,1,46.42822814515021,,María G.,,0,no,REBOLO
2023-01-01,Me Quejo,4,240.15464261494196,27.91031947043047,8.634287816436828,3,0,30.06567517796673,bien,María G.,,0,no,ME QUEJO
2023-01-01,me quejo,1,253.85300866735625,37.06604953678462,21.115125909447656,0,1,24.37696286273895,mal calibrado,Laura Pérez,,0,no,ME QUEJO
2023-02-01,La SierrA,1,217.88739445081453,10.80575765766197,25.84954083512277,1,0,31.43254974231806,bien,Carlos Ruiz,no,0,no,LA SIERRA
2023-02-01,la sierra,4,224.4897438827172,30.43860610918658,,2,0,40.26448161334696,bien,Juan C.,,1,no,LA SIERRA
2023-02-01,La siera,1,64.79668418529616,31.9072725611364,24.09577769985141,4,0,26.328538439504467,bien,María G.,,0,no,LA SIERRA
2023-02-01,El Prado,1,198.10306155991,28.47401432576639,16.2238310839403,2,1,22.83145107640761,bien,Carlos Ruiz,,0,no,EL PRADO
2023-02-01,el prado,4,272.6876463205923,11.793176816482896,21.743632904710253,2,0,39.12780926936498,,Juan C.,,0,no,EL PRADO
2023-02-01,Norte Centro Histórico,3,108.83884562995814,11.841897150345616,,5,1,41.25667347765006,bien,Carlos Ruiz,,0,no,NORTE CENTRO HISTÓRICO
2023-02-01,Norte-Centro Histórico,1,111.4273954866974,9.291075019388876,18.377306906702294,4,4,26.53206281931595,,Juan C.,,0,no,NORTE CENTRO HISTÓRICO
2023-02-01,Las Nieves,6,58.81222202513084,15.534850479329789,20.994791560264307,1,3,35.58208718446,,,,0,no,LAS NIEVES
2023-02-01,las nieves,6,88.56237617355015,23.577873603482832,18.92549168457764,3,4,49.37356328333527,bien,Carlos Ruiz,,0,no,LAS NIEVES
2023-02-01,Ciudadela 20 de Julio,2,180.58450981925057,33.30881327972085,21.91741827352878,3,0,30.146364521708964,bien,,,0,sí,CIUDADELA 20 JULIO
2023-02-01,San José,3,186.5499311509058,43.146585666735085,1.929143651857764,2,0,30.280681342105662,bien,Juan C.,,0,no,SAN JOSÉ
2023-02-01,San josé,4,267.1160477573893,20.642800190954627,7.455786554494857,2,0,35.45571839903814,mal calibrado,Laura Pérez,sí,0,no,SAN JOSÉ
2023-02-01,Los Andes,6,127.87197219153464,41.439440893253256,19.43743315622608,3,1,27.074792615672997,bien,María G.,,0,no,LOS ANDES
2023-02-01,Los andes,2,170.8210846826481,25.04987278980457,21.06028635919085,1,0,38.17767032437119,bien,Juan C.,,0,no,LOS ANDES
2023-02-01,Rebolo,3,51.02181542603813,29.453816900875676,23.864847987610126,3,1,27.692585967703465,dañado,Carlos Ruiz,,0,no,REBOLO
2023-02-01,rebolo,5,123456.0,17.62608038793331,28.10403976330613,0,1,32.4743184860684,bien,María G.,,0,no,REBOLO
2023-02-01,Me Quejo,6,80.17734544281204,36.32411303931635,4.989010354275571,1,1,46.63163752154959,dañado,,,0,no,ME QUEJO
2023-02-01,me quejo,2,180.81864488156697,10.18491348952049,18.234724319842897,0,1,41.47162696787044,mal calibrado,,,0,no,ME QUEJO
2023-03-01,La SierrA,4,190.08758622592237,1.0262301751134224,23.963785331742244,4,2,30.135672339476397,,Laura Pérez,,0,sí,LA SIERRA
2023-03-01,la sierra,3,196.6078609028576,28.849904671866653,11.748291759485223,0,1,38.57015485965047,mal calibrado,Juan C.,,0,no,LA SIERRA
2023-03-01,La siera,4,124.56723237914768,28.995998754332508,17.151096646136267,3,3,47.77664895788425,bien,Laura Pérez,,0,no,LA SIERRA
2023-03-01,El Prado,6,,3000.0,18.829681668190265,4,3,32.97807347566106,bien,Laura Pérez,,1,no,EL PRADO
2023-03-01,el prado,1,160.8620161704196,28.53974711067856,13.102716763980204,5,0,28.86905317091622,bien,Juan C.,sí,0,no,EL PRADO
2023-03-01,Norte Centro Histórico,5,272.6488698800054,27.91662693962936,19.368838719365087,0,1,41.2834550926428,mal calibrado,Juan C.,,0,no,NORTE CENTRO HISTÓRICO
2023-03-01,Norte-Centro Histórico,1,12.798580109577642,37.70431516566718,12.836352435621547,0,0,43.03813051376258,bien,Laura Pérez,,0,no,NORTE CENTRO HISTÓRICO
2023-03-01,Las Nieves,4,229.107307318034,33.57880788099988,11.96687615168208,2,0,37.03822727527467,bien,María G.,,0,no,LAS NIEVES
2023-03-01,las nieves,3,272.3483470727139,15.226182694246791,10.35040789686904,0,2,48.60111366248172,bien,,,0,no,LAS NIEVES
2023-03-01,Ciudadela 20 de Julio,4,,16.97675757923692,14.968060197067926,1,0,38.227185603380896,mal calibrado,María G.,,0,sí,CIUDADELA 20 JULIO
2023-03-01,San José,4,113.82152451581416,25.193465142411725,25.729172391018043,2,1,35.69652664518879,mal calibrado,María G.,,0,no,SAN JOSÉ
2023-03-01,San josé,4,258.6803445086772,24.736273877275647,,3,1,35.54350577938571,dañado,Laura Pérez,,0,no,SAN JOSÉ
2023-03-01,Los Andes,2,171.12544514963918,,21.83416388536772,2,1,27.40867338446302,,Carlos Ruiz,,0,no,LOS ANDES
2023-03-01,Los andes,2,192.0315029180966,23.417559757771595,28.1331958745112,3,4,42.00242953362419,mal calibrado,Juan C.,,0,no,LOS ANDES
2023-03-01,Rebolo,4,169.416044484603,19.263888842080934,13.024451677089523,2,1,33.85460154747382,,Laura Pérez,,0,sí,REBOLO
2023-03-01,rebolo,5,279.0253049578769,4.055723412056329,10.80437483932359,0,5,31.869762917835597,bien,Juan C.,,0,no,REBOLO
2023-03-01,Me Quejo,3,52.0701221970014,6.314098844581428,18.74844266982643,3,1,36.14861468213896,,,No,0,no,ME QUEJO
2023-03-01,me quejo,6,304.1010283786377,21.699729029073083,23.07271630499919,3,0,41.45375949585147,dañado,María G.,,0,no,ME QUEJO
2023-04-01,La SierrA,1,99999.0,10.350765394198955,19.80236021998908,1,0,17.691268962344328,dañado,Juan C.,,0,sí,LA SIERRA
2023-04-01,la sierra,2,295.54710335854486,28.86063560246153,14.04045525270703,3,3,34.852817413650634,,María G.,,0,no,LA SIERRA
2023-04-01,La siera,2,243.71243437570607,17.186148934489136,3.3471476266349462,3,0,38.66598246096848,bien,,,1,no,LA SIERRA
2023-04-01,El Prado,3,104.80961709381158,14.861330826633065,7.585505346777339,3,0,26.845009267115117,bien,Laura Pérez,,0,no,EL PRADO
2023-04-01,el prado,5,135.27796054129146,5.65911130767476,13.65927023260695,2,0,40.1458899069054,dañado,Laura Pérez,,0,no,EL PRADO
2023/04/01,Norte Centro Histórico,1,276.370805806066,28.5135426460051,10.657453942251136,2,1,19.84808937801448,bien,Carlos Ruiz,,0,no,NORTE CENTRO HISTÓRICO
2023-04-01,Norte-Centro Histórico,1,289.349941395562,36.449677135012834,13.256747723105352,0,0,40.765569630557664,bien,Carlos Ruiz,,0,no,NORTE CENTRO HISTÓRICO
2023-04-01,Las Nieves,3,204.9000123634829,50.78880808455238,22.83702438004204,0,1,26.894941530207813,bien,,,0,no,LAS NIEVES
2023-04-01,las nieves,5,107.6366492970343,18.13094877439591,14.665463858385234,1,0,51.871416350725646,,Carlos Ruiz,no,0,no,LAS NIEVES
2023-04-01,Ciudadela 20 de Julio,2,250.53118055595604,19.920273586833822,,0,1,49.79944138890026,bien,María G.,,0,no,CIUDADELA 20 JULIO
2023-04-01,San José,4,144.759635290118,35.8203818296378,12.2835156714181,2,0,28.31598031696732,bien,Laura Pérez,,0,no,SAN JOSÉ
2023-04-01,San josé,2,-10.0,21.27365478537156,12.47004012401116,1,0,32.615066326159415,bien,Juan C.,,0,no,SAN JOSÉ
2023-04-01,Los Andes,3,132.60848606089047,11.36009230320184,15.339651395613789,2,2,,bien,Juan C.,,0,no,LOS ANDES
2023-04-01,Los andes,5,113.52399068711698,,10.96260068602167,1,2,42.55391225825756,bien,Carlos Ruiz,,0,no,LOS ANDES
2023-04-01,Rebolo,3,254.640971231068,12.382650842721803,11.048100977112975,2,0,24.97953276371266,bien,María G.,,0,no,REBOLO
2023-04-01,rebolo,3,58.05675734640063,27.977363145786345,7.026007899870821,2,0,37.67742665703261,bien,Carlos Ruiz,,0,no,REBOLO
2023-04-01,Me Quejo,4,131.84250568828924,27.602510946353604,,4,0,36.69729284390374,bien,María G.,,0,no,ME QUEJO
2023-04-01,me quejo,4,187.15151353165197,24.880440793787493,26.06093866552641,1,1,31.81521489349661,bien,María G.,,0,no,ME QUEJO
2023-05-01,La SierrA,1,154.47543831469255,25.434831529637776,22.244446489564197,3,1,28.235869795159616,bien,Carlos Ruiz,,0,no,LA SIERRA
2023-05-01,la sierra,3,1.5736073899288954,30.515930406716663,9.095185264281705,1,1,43.92410819815211,mal calibrado,María G.,,0,no,LA SIERRA
2023-05-01,La siera,1,187.6496356711514,11.151840580820153,17.008588828570087,3,2,36.81866255058495,bien,Juan C.,No,0,no,LA SIERRA
2023-05-01,El Prado,4,199.8576469040269,15.40639100459756,9.051089413746457,2,3,47.86974963849594,bien,Juan C.,no,0,no,EL PRADO
2023-05-01,el prado,1,144.4289953403488,15.725920575505246,11.13147958657096,4,0,24.41614597152948,,Laura Pérez,,0,no,EL PRADO
2023-05-01,Norte Centro Histórico,1,138.96685000228678,21.705942035808636,20.84895778844933,3,1,32.971537803298475,,Laura Pérez,,0,no,NORTE CENTRO HISTÓRICO
2023-05-01,Norte-Centro Histórico,3,183.7532347960207,37.82163618536079,19.13192233343252,2,1,50.93186626639397,,,,0,no,NORTE CENTRO HISTÓRICO
2023-05-01,Las Nieves,5,139.1027458855052,10.103951797414192,14.119491559302464,2,3,29.11913173685447,mal calibrado,Carlos Ruiz,,0,no,LAS NIEVES
2023-05-01,las nieves,4,0.0,30.70996467205255,,0,0,29.171993985870024,bien,Juan C.,,0,no,LAS NIEVES
2023-05-01,Ciudadela 20 de Julio,6,248.17971912242143,0.0,13.390842999875291,2,0,41.281400134806695,bien,Laura Pérez,,0,no,CIUDADELA 20 JULIO
2023-05-01,San José,4,89.9664793802489,,13.956743332893293,1,2,53.48956094945345,,,,0,no,SAN JOSÉ
2023-05-01,San josé,6,270.12520236382056,17.311113094451695,7.254318638808307,0,2,35.13929291912946,bien,María G.,,0,no,SAN JOSÉ
2023-05-01,Los Andes,6,178.06999303119974,21.980847607678548,13.989477116532402,1,0,60.699268396903335,bien,Carlos Ruiz,sí,0,sí,LOS ANDES
2023-05-01,Los andes,3,91.43164363199828,33.88582269040288,0.0,2,0,37.89842264168468,,Laura Pérez,,0,no,LOS ANDES
2023-05-01,Rebolo,5,159.61429853021085,18.501220332375382,18.694353326521625,2,0,39.85315996560453,bien,Laura Pérez,,0,no,REBOLO
2023-05-01,rebolo,3,118.18662861812231,19.107788244063297,15.209885441690105,1,1,35.98745777637335,dañado,Juan C.,sí,0,no,REBOLO
2023-05-01,Me Quejo,6,169.57238832102334,25.004775194206324,7.627188955485026,1,0,42.10959968203491,dañado,Carlos Ruiz,,0,no,ME QUEJO
2023-05-01,me quejo,6,215.5410649188832,16.3903383418092,23.115308623549737,2,1,18.302208279316,dañado,Carlos Ruiz,,0,no,ME QUEJO
2023-06-01,La SierrA,3,321.1749547410175,7.584987690508775,9.285862136616082,2,1,14.18070592116278,,Juan C.,,0,no,LA SIERRA
2023/06/01,la sierra,4,315.71650946320307,22.110174672026183,14.323008216907253,1,3,31.36387787786144,dañado,,,0,no,LA SIERRA
2023-06-01,La siera,1,175.44435010231462,23.078017688920596,3.0288212514036204,2,3,18.704070140236727,,Juan C.,,0,no,LA SIERRA
2023-06-01,El Prado,6,224.14909242476008,40.05574045639953,20.02314105855135,2,0,51.20533445165877,dañado,Laura Pérez,sí,0,no,EL PRADO
2023-06-01,el prado,1,305.6395708208911,9.962421084366293,18.572074727076263,3,0,40.17659020469123,mal calibrado,Carlos Ruiz,,0,no,EL PRADO
2023-06-01,Norte Centro Histórico,3,121.94049494772275,21.867667644770783,9.712319473526742,1,0,48.41311919700135,mal calibrado,Laura Pérez,,0,no,NORTE CENTRO HISTÓRICO
2023-06-01,Norte-Centro Histórico,2,,11.162222111357314,19.01776871441173,4,0,17.46426282091313,mal calibrado,Juan C.,,0,no,NORTE CENTRO HISTÓRICO
2023-06-01,Las Nieves,4,228.60534914650867,4.80820017013823,14.962644704143358,3,0,28.412311742186432,mal calibrado,,,0,no,LAS NIEVES
2023-06-01,las nieves,1,177.20092076024306,37.7080063563551,10.611230595485628,3,0,53.12448557996929,bien,María G.,,0,no,LAS NIEVES
2023-06-01,Ciudadela 20 de Julio,3,38.97064569031679,31.441352026164186,5.764564776038162,5,1,32.73754780991324,bien,,,0,no,CIUDADELA 20 JULIO
2023-06-01,San José,1,57.87585106418028,19.42095092662215,20.729393142469775,0,1,36.33847654246,mal calibrado,María G.,,0,no,SAN JOSÉ
2023-06-01,San josé,4,176.8355876914676,999.0,15.198228632913228,2,1,35.297561394957455,mal calibrado,María G.,,0,no,SAN JOSÉ
2023-06-01,Los Andes,6,96.60121006182892,32.77926829238165,13.172809227272433,2,0,36.34984720819688,bien,Juan C.,,0,no,LOS ANDES
2023-06-01,Los andes,6,249.42120193367103,22.830322053952163,5.5537550000213365,0,1,40.85503460858579,bien,Laura Pérez,,0,no,LOS ANDES
2023-06-01,Rebolo,3,186.58271914203397,30.654803750653517,11.378980849297395,5,1,49.0934744018558,bien,,,0,no,REBOLO
2023-06-01,rebolo,6,146.38505463233142,17.182153911394927,5.58884642276006,1,0,25.813480535158018,dañado,Juan C.,,0,no,REBOLO
2023-06-01,Me Quejo,2,25.30573591139517,7.926041683536255,7.505953442259829,2,1,41.82623236457146,bien,María G.,,0,no,ME QUEJO
2023-06-01,me quejo,5,176.04290322780537,26.74819492166604,7.140945849063909,4,1,38.82409746184051,bien,Carlos Ruiz,,0,no,ME QUEJO
2023-07-01,La SierrA,3,138.59730792734206,14.010756034406644,18.88763771764836,1,4,28.771295035767164,,,,0,no,LA SIERRA
2023-07-01,la sierra,5,293.6403398391884,14.292537062505238,9.1735109882704,2,1,39.71415556386404,dañado,Juan C.,,0,no,LA SIERRA
2023-07-01,La siera,4,112.79119371333292,21.646978274371406,12.462254824304464,0,5,40.83800376156291,dañado,Carlos Ruiz,,0,no,LA SIERRA
2023-07-01,El Prado,1,165.84422180047605,12.017027554615463,5.344765403898309,2,0,27.69069960058081,bien,Juan C.,,0,no,EL PRADO
2023-07-01,el prado,5,138.59109607710627,22.237879516388983,14.885039727490735,3,2,46.88393273448084,bien,Laura Pérez,,0,no,EL PRADO
2023-07-01,Norte Centro Histórico,6,199.2018190148037,23.055543203772583,21.530976498553976,6,0,39.2168492391226,bien,,,1,no,NORTE CENTRO HISTÓRICO
2023-07-01,Norte-Centro Histórico,6,150.37413051221628,11.664410127207333,10.173217752437438,3,0,39.94955517561525,bien,Laura Pérez,,0,no,NORTE CENTRO HISTÓRICO
2023-07-01,Las Nieves,4,195.28792544159228,20.464365481561487,5.481007013140566,3,3,42.46253566027221,bien,,,1,no,LAS NIEVES
2023-07-01,las nieves,4,228.63172077732315,21.86609123156358,11.874964698146302,2,1,36.94089992898308,bien,Juan C.,,0,no,LAS NIEVES
2023-07-01,Ciudadela 20 de Julio,6,141.58945058433193,21.278026973667828,17.56971586751647,0,0,29.74194612687043,bien,,,0,no,CIUDADELA 20 JULIO
2023-07-01,San José,5,169.51692744008034,0.0,20.124865251331503,1,2,45.800690003221646,bien,María G.,,0,no,SAN JOSÉ
2023-07-01,San josé,5,215.20115600426655,,11.48562042953172,2,2,41.50201177958661,bien,,,0,no,SAN JOSÉ
2023-07-01,Los Andes,3,172.06593089764937,38.466369960476655,7.509406635716932,1,2,27.891280695887588,dañado,Carlos Ruiz,,0,no,LOS ANDES
2023-07-01,Los andes,5,126.47031351098856,20.742062138001558,13.394181780887534,4,4,25.556312224569474,dañado,Juan C.,sí,0,no,LOS ANDES
2023-07-01,Rebolo,5,205.85966103271835,32.492017674875335,18.43983196913648,1,0,28.2360769794073,,,,0,no,REBOLO
2023/07/01,rebolo,3,324.07523463286526,19.598420493556567,4.984574285173663,0,1,28.653949647066437,mal calibrado,Laura Pérez,,0,no,REBOLO
2023-07-01,Me Quejo,5,259.6601789345085,17.23101160203622,,0,1,34.74610953615513,bien,Laura Pérez,,0,no,ME QUEJO
2023-07-01,me quejo,5,53.287774121142135,27.60414656144297,20.500601110555827,1,1,39.254575617849646,,Laura Pérez,,0,no,ME QUEJO
2023-08-01,La SierrA,5,179.71179687275452,8.416353108074572,25.523788112370056,1,0,43.77362290575671,mal calibrado,Juan C.,,0,no,LA SIERRA
2023-08-01,la sierra,4,109.89450656206547,20.376602331679376,13.115697078230276,0,1,34.13861554516636,bien,Laura Pérez,sí,0,sí,LA SIERRA
2023-08-01,La siera,5,323.8149221479618,26.4084286126701,11.001747071520423,1,2,40.72582781356159,bien,Laura Pérez,sí,0,no,LA SIERRA
2023-08-01,El Prado,4,324.9584099307897,23.579257286917688,17.752842059685744,3,3,41.81445080357286,dañado,Laura Pérez,,1,no,EL PRADO
2023-08-01,el prado,3,212.1074901619832,41.82507024177088,12.41334868224439,0,0,37.04549396090746,bien,María G.,,0,no,EL PRADO
2023-08-01,Norte Centro Histórico,5,97.47390025038736,14.7070176245378,19.33080583493534,3,3,46.293244375395005,mal calibrado,Juan C.,,0,no,NORTE CENTRO HISTÓRICO
2023-08-01,Norte-Centro Histórico,1,139.8195427044701,22.11594970380393,22.63732271515267,3,1,,bien,,,0,no,NORTE CENTRO HISTÓRICO
2023-08-01,Las Nieves,2,171.14132567354432,4.381931386045284,29.012159717710947,4,0,43.004982417659726,dañado,Carlos Ruiz,,0,sí,LAS NIEVES
2023-08-01,las nieves,4,194.34196835413476,25.32859892813459,6.223342363447202,2,2,38.23800127605945,dañado,Carlos Ruiz,,0,no,LAS NIEVES
2023-08-01,Ciudadela 20 de Julio,6,156.68080168052077,3.4950878996223835,14.647040037949584,3,1,38.74280055577306,,Laura Pérez,sí,1,no,CIUDADELA 20 JULIO
2023-08-01,San José,1,173.05241782958467,28.07293124811084,,2,2,22.54233940900301,mal calibrado,Carlos Ruiz,,0,no,SAN JOSÉ
2023-08-01,San josé,4,12.387398185601173,22.54173892246202,13.18524690193842,2,0,47.33686921376036,bien,Juan C.,,0,no,SAN JOSÉ
2023-08-01,Los Andes,4,247.76632079880275,32.22500914886881,23.50156499713744,3,0,34.10477389752094,bien,Juan C.,,0,no,LOS ANDES
2023-08-01,Los andes,4,174.27189924687488,19.627777634901584,20.09340680545886,0,0,35.519458858072994,bien,Juan C.,,0,no,LOS ANDES
2023-08-01,Rebolo,6,238.61120617724637,19.192834198914177,15.550446332212632,0,0,15.017993154678924,bien,María G.,,0,no,REBOLO
2023-08-01,rebolo,3,253.3062139761985,23.464884758979927,21.98607076901757,2,0,,bien,María G.,,0,no,REBOLO
2023-08-01,Me Quejo,4,0.0,,22.757279717162618,2,0,24.60094072874469,dañado,Juan C.,,0,no,ME QUEJO
2023-08-01,me quejo,3,130.0984831443356,39.14031353866786,13.665223194656576,5,2,37.17432873179723,bien,,,0,no,ME QUEJO
2023-09-01,La SierrA,4,195.80527921379056,24.49228434919745,7.46337644275634,3,2,41.68407960942365,mal calibrado,Carlos Ruiz,,0,no,LA SIERRA
2023-09-01,la sierra,1,174.86893227256058,23.287624103034805,17.24950050815191,4,3,39.21920754235285,,Carlos Ruiz,,0,no,LA SIERRA
2023-09-01,La siera,6,283.18052227002994,17.386000750448773,15.843499711525109,0,0,24.71325666870916,bien,Laura Pérez,,0,no,LA SIERRA
2023-09-01,El Prado,5,77.7581933250899,3.562592844119422,8.803855507001067,1,1,50.52561815489642,bien,Carlos Ruiz,,1,no,EL PRADO
2023-09-01,el prado,5,193.5755033881616,12.998841267949915,22.62765405511523,3,1,50.33978120849567,,,,0,no,EL PRADO
2023-09-01,Norte Centro Histórico,2,87.46046199584411,4.6720414773765455,25.117692827080536,6,0,16.759301261070632,bien,,,0,no,NORTE CENTRO HISTÓRICO
2023-09-01,Norte-Centro Histórico,3,159.7851449599229,23.920845297008693,13.677723185508674,0,1,40.5307327644048,mal calibrado,,,0,no,NORTE CENTRO HISTÓRICO
2023-09-01,Las Nieves,6,100.9127114279266,8.96410682784229,16.25925905807435,3,1,48.92002286344599,,,,0,sí,LAS NIEVES
2023-09-01,las nieves,6,224.00416792196413,10.316555451363648,15.73762854302172,1,1,21.659745050817957,bien,Carlos Ruiz,,0,no,LAS NIEVES
2023-09-01,Ciudadela 20 de Julio,4,178.42897608586551,25.524899544171475,16.56739893845263,0,2,48.64140429973844,,Carlos Ruiz,,0,no,CIUDADELA 20 JULIO
2023-09-01,San José,2,183.90880562605636,20.405916912038823,10.086058185352712,4,0,28.37099082449052,bien,Laura Pérez,,0,no,SAN JOSÉ
2023-09-01,San josé,1,122.5274187544642,28.94924376944441,12.935352251955806,1,1,47.477420726737336,bien,,,0,no,SAN JOSÉ
2023-09-01,Los Andes,2,84.99212647763898,23.09820710227028,19.436438166524688,1,0,39.137990974514985,bien,Carlos Ruiz,,0,no,LOS ANDES
2023-09-01,Los andes,1,277.96675501009145,36.23396562299045,4.241364279815757,2,1,37.67751224364462,bien,Juan C.,,0,no,LOS ANDES
2023-09-01,Rebolo,6,115.70603456242154,36.39116805444068,,4,0,40.68983079185276,bien,Laura Pérez,,0,no,REBOLO
2023-09-01,rebolo,5,310.271729850283,16.208722590125127,13.574937479283468,0,1,23.99220717163315,bien,María G.,,1,no,REBOLO
2023-09-01,Me Quejo,5,123.09611001915698,,,1,1,28.781816994936086,bien,,,0,no,ME QUEJO
2023-09-01,me quejo,5,236.1098451871378,30.310629139880533,15.75979873219907,2,0,41.949979007768746,bien,Juan C.,,0,no,ME QUEJO
2023-10-01,La SierrA,4,335.7234270011812,17.39501438061277,27.087836895531325,0,2,25.093076113622967,bien,Juan C.,,0,no,LA SIERRA
2023/10/01,la sierra,4,230.353086790943,10.850409322173034,15.568937899369196,2,3,24.07687235327421,mal calibrado,Carlos Ruiz,,0,no,LA SIERRA
2023-10-01,La siera,4,154.68732402441586,32.130976999791834,,2,1,36.417169136399046,bien,Laura Pérez,,0,no,LA SIERRA
2023-10-01,El Prado,4,220.29888369699407,25.823959599840627,7.505839632350786,1,2,26.102538982134316,,Carlos Ruiz,,0,no,EL PRADO
2023-10-01,el prado,4,91.73067150609012,0.0,17.720050231716748,4,1,59.92999517432791,dañado,,,0,no,EL PRADO
2023-10-01,Norte Centro Histórico,6,144.91302349941634,31.663027472367894,18.97908704379308,1,1,40.99594113281493,dañado,Laura Pérez,No,0,no,NORTE CENTRO HISTÓRICO
2023-10-01,Norte-Centro Histórico,4,97.0739266914962,33.13068515588715,15.353750709158042,1,3,36.704972350404304,dañado,Juan C.,,0,no,NORTE CENTRO HISTÓRICO
2023-10-01,Las Nieves,3,127.96695722320052,25.296931329054427,0.0,1,0,35.63956786910933,,Carlos Ruiz,,0,no,LAS NIEVES
2023-10-01,las nieves,2,184.53199399176856,25.296927543567307,14.50650855358636,2,0,39.86501643826202,bien,,,0,no,LAS NIEVES
2023-10-01,Ciudadela 20 de Julio,2,83.2244205727114,25.999287299962045,25.71525582640588,1,1,47.18761851697317,bien,Laura Pérez,,0,no,CIUDADELA 20 JULIO
2023-10-01,San José,4,191.89339657616893,16.629140288819606,10.706181355213422,1,3,31.975303135118715,,Carlos Ruiz,sí,0,no,SAN JOSÉ
2023-10-01,San josé,1,255.9643308353059,5.151020315500965,0.0,0,2,44.34319911239274,bien,María G.,,0,no,SAN JOSÉ
2023-10-01,Los Andes,3,86.39095791525124,,2.386136936939863,3,1,29.537555517475173,dañado,Juan C.,,0,no,LOS ANDES
2023-10-01,Los andes,2,211.3443204322037,5.210884312258713,16.28351943845409,0,0,34.846901508270044,mal calibrado,María G.,,0,no,LOS ANDES
2023-10-01,Rebolo,3,226.3433199680871,21.19580368414153,8.18851741382911,2,1,46.68217721816865,bien,María G.,,0,no,REBOLO
2023-10-01,rebolo,2,110.96757289996012,0.0,,3,2,30.550542398753286,bien,Juan C.,No,0,no,REBOLO
2023-10-01,Me Quejo,3,131.55075682105087,38.260097135469366,19.745481099374885,0,2,30.12088591854297,bien,,No,0,no,ME QUEJO
2023-10-01,me quejo,3,239.36762976074456,22.99292580406492,24.112189025791587,0,1,50.615111967268525,,,,0,sí,ME QUEJO
2023-11-01,La SierrA,6,187.091735791841,37.2212860568497,13.397119969568276,0,1,35.900428376532865,,Juan C.,,0,no,LA SIERRA
2023-11-01,la sierra,5,72.22989683762428,10.283859614893483,23.40289735561098,1,0,28.43105721028604,bien,Carlos Ruiz,,0,no,LA SIERRA
2023-11-01,La siera,4,202.60348208854344,12.921473232568168,9.528012355716218,0,0,43.79592587986366,bien,,,0,no,LA SIERRA
2023-11-01,El Prado,1,228.5704880626895,33.111588863181055,,1,0,48.281941418490575,bien,,sí,1,no,EL PRADO
2023-11-01,el prado,2,,-5.0,30.15501641430759,0,2,35.570131248970846,bien,María G.,sí,0,no,EL PRADO
2023-11-01,Norte Centro Histórico,5,201.48738230906056,35.28468426412532,18.554850294027368,2,0,24.551908059789664,bien,,,0,no,NORTE CENTRO HISTÓRICO
2023-11-01,Norte-Centro Histórico,4,22.691472849919847,40.56207129940322,7.277541439948218,2,0,38.07406697809101,mal calibrado,María G.,,0,sí,NORTE CENTRO HISTÓRICO
2023/11/01,Las Nieves,6,245.2589770031437,28.60473488359745,10.918457930017432,4,2,,mal calibrado,Carlos Ruiz,,0,no,LAS NIEVES
2023-11-01,las nieves,1,233.03050149339305,,23.214317002397276,1,2,34.05628249964619,bien,Laura Pérez,,0,no,LAS NIEVES
2023-11-01,Ciudadela 20 de Julio,6,173.12854002257666,28.126894256439957,19.04537359654057,1,2,37.407531794885685,bien,Laura Pérez,,0,no,CIUDADELA 20 JULIO
2023-11-01,San José,6,388.1346491344316,25.65509645631544,2.6746606859092754,4,1,43.28454515695107,dañado,María G.,,0,no,SAN JOSÉ
2023-11-01,San josé,4,105.86295180062548,32.87982473801938,12.040316272401196,1,2,46.966314866456514,,Laura Pérez,sí,0,sí,SAN JOSÉ
2023-11-01,Los Andes,3,131.21736765444942,700.0,15.10281736310438,1,1,33.79051851392219,bien,,,0,no,LOS ANDES
2023-11-01,Los andes,5,213.5625955125622,11.125078221979,11.937791897736126,3,1,37.24684725751886,,,,0,no,LOS ANDES
2023-11-01,Rebolo,1,254.6072665498472,5.816342670669684,2.6743383161345697,1,1,29.48141854107553,bien,Laura Pérez,,0,no,REBOLO
2023-11-01,rebolo,3,384.65594285346015,14.357524013426117,16.291859122379257,3,2,34.92957201075264,dañado,Juan C.,,0,no,REBOLO
2023-11-01,Me Quejo,4,284.9926897394106,31.159020533653614,10.45514095346853,3,0,27.83177679397195,bien,,no,0,no,ME QUEJO
2023-11-01,me quejo,6,30.6770706341552,19.17319314157301,14.147767441317017,5,2,46.474093301916064,mal calibrado,María G.,,1,no,ME QUEJO
2023-12-01,La SierrA,6,155.6620895062549,31.986413719910512,1.4384637846647816,1,0,36.40886246911204,mal calibrado,Laura Pérez,,0,sí,LA SIERRA
2023-12-01,la sierra,1,38.52485075497188,23.23167714184781,13.96678189590932,1,2,33.0788894727856,,Laura Pérez,,0,no,LA SIERRA
2023-12-01,La siera,1,291.2399824992597,8.885869878655651,14.638490913844404,0,1,51.6125921454787,bien,Carlos Ruiz,,0,no,LA SIERRA
2023-12-01,El Prado,3,143.43229947309823,13.977879396382194,18.281419792525167,1,3,33.99845923520047,bien,Laura Pérez,,0,no,EL PRADO
2023-12-01,el prado,5,163.70609998584274,11.220174132434389,9.21183752172098,2,1,29.739219677880413,bien,María G.,,0,no,EL PRADO
2023-12-01,Norte Centro Histórico,1,178.8784369393929,21.016442876895105,7.0828152595564,2,0,37.47077377806304,bien,María G.,,0,no,NORTE CENTRO HISTÓRICO
2023-12-01,Norte-Centro Histórico,4,186.98648463323275,27.024065691510653,15.677249264713817,0,1,42.94264679621827,bien,,no,0,no,NORTE CENTRO HISTÓRICO
2023-12-01,Las Nieves,1,79.65684614646005,22.93557932166629,5.503927367636164,3,0,30.73242883117646,mal calibrado,Juan C.,,0,no,LAS NIEVES
2023-12-01,las nieves,4,136.65320098650866,26.329617515098263,11.852967732423032,2,2,38.79482057165507,bien,,,0,no,LAS NIEVES
2023-12-01,Ciudadela 20 de Julio,6,324.92038500748134,19.173522149618112,9.19688156239146,1,3,52.69862420676967,mal calibrado,Carlos Ruiz,,0,no,CIUDADELA 20 JULIO
2023-12-01,San José,3,,9.65627172076402,10.024679275155751,3,1,35.73770107886886,dañado,,sí,0,no,SAN JOSÉ
2023-12-01,San josé,5,123.2773030668236,14.89563947573033,23.13353669419267,1,3,27.31635052685928,bien,Laura Pérez,,0,no,SAN JOSÉ
2023/12/01,Los Andes,3,205.3977547784872,19.68081505356638,14.57269602171003,3,2,27.64141550677165,bien,María G.,,0,no,LOS ANDES
2023-12-01,Los andes,5,189.0616328430212,5.6172202168263325,21.434602542026425,3,2,28.31855914461006,dañado,María G.,,0,sí,LOS ANDES
2023-12-01,Rebolo,2,258.6058770902222,26.563608698285485,20.836651374115554,3,0,30.72244312953248,mal calibrado,Carlos Ruiz,,0,no,REBOLO
2023-12-01,rebolo,3,103.59019365205177,,29.43767443470201,0,2,24.32467085745727,mal calibrado,María G.,,0,no,REBOLO
2023-12-01,Me Quejo,4,173.6286887003428,24.52371796249734,7.563245302971842,2,0,39.28307097207649,,,,0,sí,ME QUEJO
2023-12-01,me quejo,2,274.99088412518006,45.895636420186136,19.05743221249503,0,1,38.257963165821664,bien,,,0,no,ME QUEJO
2022-01-01,Las Mercedes,5,0.0,9.147541181577369,14.045893927162634,0,0,29.256764813843134,bien,María G.,no,0,no,LAS MERCEDES
2022-01-01,Los Robles,4,140.63388797716243,34.3908435025111,17.792820328015885,2,1,50.64493628407672,mal calibrado,María G.,,0,no,LOS ROBLES
2022-01-01,Santa María,5,254.43902687398509,24.04062841742785,14.782586882877313,3,1,31.011870360713367,dañado,,,0,no,SANTA MARÍA
2022-01-01,Villa Carolina,6,248.4683828108965,29.616320748578765,,0,2,36.98403872666371,,María G.,No,1,no,VILLA CAROLINA
2022-01-01,Altos del Prado,2,238.94128152664848,,20.55411152664904,1,1,38.35829620400643,bien,Juan C.,,0,no,ALTOS DEL PRADO
2022-01-01,El Tabor,3,262.9200640211716,37.47928572092751,12.125570006061416,2,2,37.58995811738559,bien,Carlos Ruiz,,0,no,EL TABOR
2022-01-01,San Felipe,2,163.0256246180683,39.64626688137575,21.570822668520695,5,1,46.38603257140356,bien,Juan C.,,0,no,SAN FELIPE
01-01-2022,Montecristo,3,173.35183029253378,18.72839532788661,20.71090707671913,2,1,34.09095350379145,mal calibrado,,,0,no,MONTECRISTO
2022-01-01,Lucero,2,175.71531941648897,37.298172200337554,17.788750404687324,1,1,51.96805770173742,bien,Carlos Ruiz,,0,no,LUCERO
2022-01-01,Los Alpes,1,228.86453936035355,24.139022698162435,14.926342911819807,2,1,41.821226261050434,bien,,,0,no,LOS ALPES
2022-01-01,Campo Alegre,4,10.146800384965672,39.010043653668106,14.0103927013979,1,3,32.49458099657836,dañado,,,0,no,CAMPO ALEGRE
2022-01-01,La Concepción,4,202.05818969263743,12.73777521942622,17.586055133361675,0,0,38.81177958110694,bien,,,0,no,LA CONCEPCIÓN
2022-01-01,Nueva Granada,2,252.5931049656908,7.319043772971625,11.601272823294964,0,1,36.690326658603055,bien,María G.,,0,no,NUEVA GRANADA
2022-01-01,Betania,2,281.0260946638673,19.77748989967921,3.279692310707034,3,1,61.06339549543881,bien,,,0,no,BETANIA
2022-01-01,Villa Santos,4,36.52353480292487,19.32133704289924,12.940969271305184,3,0,56.26635015573166,bien,María G.,,0,no,VILLA SANTOS
2022-02-01,Las Mercedes,3,197.25505760546375,31.98398584525092,13.947696673412937,1,2,35.82478548653476,bien,María G.,,0,no,LAS MERCEDES
2022-02-01,Los Robles,3,238.00920272304904,32.81365745862488,22.130651792928127,1,1,34.44905343353585,mal calibrado,María G.,,0,no,LOS ROBLES
2022-02-01,Santa María,1,228.6726107010827,30.005672528328617,21.56463649802368,1,1,35.24315332928396,bien,Laura Pérez,,0,no,SANTA MARÍA
2022-02-01,Villa Carolina,5,11.678887488762712,17.53617731098783,17.454033764283412,2,3,39.58384249233589,mal calibrado,Carlos Ruiz,,0,no,VILLA CAROLINA
2022-02-01,Altos del Prado,6,329.5297906347529,24.08038747549987,5.453071033706902,2,2,44.29113097827568,,Carlos Ruiz,,0,no,ALTOS DEL PRADO
2022-02-01,El Tabor,3,200000.0,0.8042820964939068,6.725363254614116,3,1,31.814177870853616,,Juan C.,,0,no,EL TABOR
2022-02-01,San Felipe,5,122.47378545516214,12.874916459505355,11.900482725868123,0,1,47.0836716712027,bien,María G.,,0,no,SAN FELIPE
2022-02-01,Montecristo,4,257.0763921374677,,17.474000501666374,3,2,48.63634896649313,,María G.,,0,no,MONTECRISTO
2022-02-01,Lucero,4,292.7876194323428,9.164795412861974,18.083499239650177,1,1,41.16190973425332,bien,,,0,sí,LUCERO
01-02-2022,Los Alpes,6,271.7576202774198,12.59834638238841,29.656667567854758,2,0,46.27680254749367,bien,María G.,,0,sí,LOS ALPES
2022-02-01,Campo Alegre,3,223.20212010699572,0.0,16.18131521987497,0,2,27.057328755533423,dañado,Carlos Ruiz,,0,no,CAMPO ALEGRE
2022-02-01,La Concepción,3,166.275779633526,200.0,12.26635538744558,1,2,36.23336818788939,bien,Carlos Ruiz,,0,no,LA CONCEPCIÓN
2022-02-01,Nueva Granada,4,,20.52891556647702,8.702798136474652,1,2,41.75385334203979,bien,Laura Pérez,,0,no,NUEVA GRANADA
2022-02-01,Betania,1,299.58793833082905,1500.0,30.31243806320505,1,0,44.19016887866315,mal calibrado,Laura Pérez,,0,no,BETANIA
2022-02-01,Villa Santos,3,42.2546598513938,17.349838455462255,26.342591243745243,0,3,33.03785959855221,,María G.,sí,0,no,VILLA SANTOS
2022-03-01,Las Mercedes,6,171.83446708035007,31.163370854554163,13.306227953014613,3,1,41.47920653543181,dañado,Carlos Ruiz,,0,no,LAS MERCEDES
2022-03-01,Los Robles,6,,13.417384137596624,18.245896012424552,3,2,48.47952444847321,bien,,,0,no,LOS ROBLES
2022-03-01,Santa María,2,196.65963686182047,18.89641115952167,11.94559710477922,1,0,43.28380675115565,bien,Carlos Ruiz,No,0,no,SANTA MARÍA
2022-03-01,Villa Carolina,6,134.04675732788797,20.66866951879467,19.386210623043773,1,2,41.262006248237725,bien,Carlos Ruiz,,0,no,VILLA CAROLINA
2022-03-01,Altos del Prado,6,0.0,24.66811166707952,16.561799121087184,0,2,48.89374854019351,,,,0,no,ALTOS DEL PRADO
2022-03-01,El Tabor,2,165.65669075277398,28.601617488160866,4.011714498137536,3,3,50.7089738751236,,Carlos Ruiz,,0,sí,EL TABOR
2022-03-01,San Felipe,1,247.19532838698336,23.191419154924805,19.23301208883257,1,1,35.30001748022605,,Laura Pérez,,0,no,SAN FELIPE
2022-03-01,Montecristo,3,,26.697488392999087,17.680814220292856,3,1,37.5139642257536,mal calibrado,Juan C.,,0,no,MONTECRISTO
2022-03-01,Lucero,3,205.0014213808232,25.90562875388796,20.954188093234414,1,1,37.79591767625279,bien,María G.,,0,sí,LUCERO
2022-03-01,Los Alpes,3,310.00950410603485,18.939976991896607,6.822925593826474,0,0,37.371720732298144,,,,0,no,LOS ALPES
01-03-2022,Campo Alegre,3,209.69008131613853,37.076265969771,15.84976451661718,1,1,34.4670594414488,bien,María G.,,0,no,CAMPO ALEGRE
2022-03-01,La Concepción,1,295.7445811482858,15.943048749637349,20.772295164801832,2,2,30.18814328153208,mal calibrado,,,0,no,LA CONCEPCIÓN
2022-03-01,Nueva Granada,3,297.26437952218043,26.97690298408294,,1,0,42.49655678235974,bien,Juan C.,,0,no,NUEVA GRANADA
2022-03-01,Betania,2,202.74419195538823,18.180723938546144,31.444265503587317,0,3,57.01148471178567,bien,Carlos Ruiz,,0,sí,BETANIA
2022-03-01,Villa Santos,1,226.8030180318572,34.24010809420168,28.889474988891145,1,3,30.902868955710225,mal calibrado,,,0,no,VILLA SANTOS
2022-04-01,Las Mercedes,6,50000.0,,17.128293266628237,1,3,43.02182129857309,bien,Juan C.,,0,no,LAS MERCEDES
2022-04-01,Los Robles,6,215.5887804833284,44.19518072986567,17.993953661411194,3,0,36.93533269157949,mal calibrado,Laura Pérez,,0,no,LOS ROBLES
2022-04-01,Santa María,6,46.43003180704383,17.08748010857492,12.806297363218391,5,0,50.01770327807854,mal calibrado,,,0,no,SANTA MARÍA
2022-04-01,Villa Carolina,1,384.5605366256226,7.875603195334033,16.654352217706972,2,2,48.98591459859056,dañado,Carlos Ruiz,,0,no,VILLA CAROLINA
2022-04-01,Altos del Prado,5,125.25650247014411,28.40865013041461,16.823391614543056,2,0,58.22666423329306,mal calibrado,Juan C.,,0,no,ALTOS DEL PRADO
2022-04-01,El Tabor,2,259.97445465947993,24.113929189988543,13.966061840375351,0,0,35.41930668922945,mal calibrado,Carlos Ruiz,,0,no,EL TABOR
01-04-2022,San Felipe,2,235.48702201370224,33.353267332400726,25.167260691926717,3,2,32.040000854317135,,Carlos Ruiz,,0,sí,SAN FELIPE
2022-04-01,Montecristo,2,169.5225441670423,7.997848463300457,20.373899723739548,3,2,43.33810758286549,dañado,Carlos Ruiz,,0,no,MONTECRISTO
2022-04-01,Lucero,6,148.35423681135455,,19.81163477899755,2,0,47.0708896276246,mal calibrado,Laura Pérez,,0,no,LUCERO
2022-04-01,Los Alpes,5,171.48924549668965,24.920799496306294,20.69018116263392,2,0,26.36242389202983,bien,Carlos Ruiz,,0,no,LOS ALPES
2022-04-01,Campo Alegre,5,154.0840056155718,38.69156851001606,5.502996922004726,5,2,,bien,Juan C.,,0,no,CAMPO ALEGRE
2022-04-01,La Concepción,3,97.73623346382163,32.7926314718404,27.1012789926707,2,1,35.78302891667907,dañado,Carlos Ruiz,,0,no,LA CONCEPCIÓN
2022-04-01,Nueva Granada,2,264.72998562192623,23.325800216065662,15.104247641326095,4,0,48.825045648557925,,Carlos Ruiz,,1,no,NUEVA GRANADA
2022-04-01,Betania,2,253.41858388389252,7.1246043382840085,17.553077057818925,1,2,37.4675331818999,bien,Carlos Ruiz,,0,no,BETANIA
2022-04-01,Villa Santos,2,266.4519784642364,600.0,23.35102580270707,2,0,36.156980072157424,mal calibrado,María G.,,0,no,VILLA SANTOS
01-05-2022,Las Mercedes,4,,23.160842426204127,20.99699639282997,2,0,50.93469168484357,,Laura Pérez,No,0,no,LAS MERCEDES
2022-05-01,Los Robles,2,118.23628342554537,18.59677246830529,13.47176852924675,0,2,35.2496374219494,dañado,María G.,,0,no,LOS ROBLES
2022-05-01,Santa María,6,107.91061967346796,33.93134361234821,25.026986125796704,2,2,35.067159567636025,mal calibrado,,,0,sí,SANTA MARÍA
2022-05-01,Villa Carolina,2,158.02498876355648,9.855973272460073,14.214673415400645,2,1,41.06605787089022,bien,,,0,no,VILLA CAROLINA
2022-05-01,Altos del Prado,5,41.31629634413216,33.528073359249646,8.627997642483225,1,2,51.65367960049436,,Carlos Ruiz,,0,no,ALTOS DEL PRADO
2022-05-01,El Tabor,6,216.50420559556716,15.678273386702596,20.232837270511723,2,0,,mal calibrado,Laura Pérez,,0,sí,EL TABOR
01-05-2022,San Felipe,4,154.48871721829872,35.36461966647098,14.790648348553452,1,0,36.32215414900618,bien,Juan C.,,0,no,SAN FELIPE
2022-05-01,Montecristo,6,252.67671649717005,37.55246004684376,26.80480996093321,1,1,22.853061406901126,bien,Juan C.,,0,no,MONTECRISTO
2022-05-01,Lucero,4,156.07209760771926,28.29836046947821,19.91676614052389,1,1,49.983167664863366,dañado,,,0,no,LUCERO
2022-05-01,Los Alpes,5,216.04483767374307,45.26726949023932,3.0029731968545104,1,0,50.797916236405,mal calibrado,María G.,,0,no,LOS ALPES
2022-05-01,Campo Alegre,3,205.90894174132376,27.52919114682773,23.324772056113872,2,0,51.94866215447095,bien,Laura Pérez,,0,no,CAMPO ALEGRE
2022-05-01,La Concepción,6,226.22015974439623,22.98489519711165,,3,0,30.184995723889685,dañado,Carlos Ruiz,,0,no,LA CONCEPCIÓN
2022-05-01,Nueva Granada,6,153.05516736783346,32.43941065997337,16.175874956563135,3,0,38.03320016817603,bien,Juan C.,,0,no,NUEVA GRANADA
2022-05-01,Betania,3,137.78988742336077,19.38631518471477,18.270498308486765,0,2,35.52804217694401,,Juan C.,,0,sí,BETANIA
2022-05-01,Villa Santos,4,-8.0,32.38628661107609,20.96853670450008,2,2,43.23931279167304,bien,,,0,no,VILLA SANTOS
2022-06-01,Las Mercedes,1,186.40146905314984,26.24405751602261,11.364039572804362,2,1,33.62285820474746,bien,Laura Pérez,,0,no,LAS MERCEDES
2022-06-01,Los Robles,2,193.1343583558394,29.2965329681916,31.723420075661423,3,0,30.51271192613723,bien,Laura Pérez,no,0,no,LOS ROBLES
2022-06-01,Santa María,1,219.31624570124316,44.42280193095444,13.232700713349264,1,1,32.760682783551914,bien,María G.,sí,0,no,SANTA MARÍA
2022-06-01,Villa Carolina,4,313.6801495109504,6.794307084334946,29.81935477281635,2,0,38.92888858747428,bien,Carlos Ruiz,,0,no,VILLA CAROLINA
2022-06-01,Altos del Prado,3,104.40674475703553,10.743740177234686,20.042487552557294,1,2,41.136446492752,bien,Carlos Ruiz,,0,no,ALTOS DEL PRADO
2022-06-01,El Tabor,4,147.4250774893232,31.833404016329524,16.022722535243354,2,2,45.17037895522858,,María G.,No,0,no,EL TABOR
2022-06-01,San Felipe,4,94.99805620398052,43.69595658308671,16.917703403802392,2,3,42.11081360859148,dañado,María G.,,0,no,SAN FELIPE
2022-06-01,Montecristo,1,60.42469625971694,38.4145392558347,23.21721099279033,0,2,32.21507711822944,bien,Juan C.,,0,no,MONTECRISTO
2022-06-01,Lucero,5,30.41735475493076,30.06362860497795,8.902706910953782,1,0,37.835035363776505,mal calibrado,Laura Pérez,no,0,no,LUCERO
2022-06-01,Los Alpes,3,265.8701089547199,4.897782105417107,16.67114819049513,2,0,36.85112450121125,,Carlos Ruiz,,0,no,LOS ALPES
2022-06-01,Campo Alegre,4,0.0,31.574179109885748,13.485106044453593,4,1,42.64114092631259,,Carlos Ruiz,,0,no,CAMPO ALEGRE
2022-06-01,La Concepción,2,266.02127041305187,24.97616901449325,24.632353894039294,1,1,51.99227523727541,bien,,,0,sí,LA CONCEPCIÓN
2022-06-01,Nueva Granada,2,190.03580703515507,10.793377887946145,,2,0,43.41677853433334,dañado,Juan C.,,0,no,NUEVA GRANADA
2022-06-01,Betania,4,132.1191585564259,15.080402546290973,21.42374789928231,0,3,38.731066583589424,bien,,No,0,no,BETANIA
2022-06-01,Villa Santos,6,258.75589820901087,31.011101405624288,25.1564685197684,0,2,38.08701044397633,dañado,Juan C.,,1,no,VILLA SANTOS
